{
  "overall_accuracy": 0.995,
  "per_team": {
    "team_A": {
      "accuracy": 0.9930555555555556,
      "f1_macro": 0.9928421854178565,
      "support": 144
    },
    "team_B": {
      "accuracy": 1.0,
      "f1_macro": 1.0,
      "support": 37
    },
    "team_C": {
      "accuracy": 1.0,
      "f1_macro": 1.0,
      "support": 19
    }
  },
  "parity": {
    "group_positive_rate": {
      "team_A": 0.3541666666666667,
      "team_B": 0.24324324324324326,
      "team_C": 0.3157894736842105
    },
    "statistical_parity_difference": -0.038377192982456176,
    "disparate_impact": 0.8916408668730649
  }
}